word,polysemy_density
contact,9
binding,5
dna,1
arts,5
he,2
imagination,3
influence,5
trembling,1
weight,8
sentiments,2
shelter,5
add,1
armour,3
instrument,6
office,7
possession,7
superiority,4
bourgeoisie,1
item,5
priest,2
film,5
ceremony,3
fear,3
component,3
exceptions,3
floating,1
regard,7
fellow,7
flowing,1
conclusions,9
harmony,5
procedure,4
past,3
dutch,2
means,4
visit,5
aldermen,1
properties,5
multitudes,3
enmity,2
organisation,7
imprisonment,3
comforts,8
whole,2
today,2
follies,5
treason,3
antiquity,3
researches,2
salvation,4
regime,2
alcohol,2
stations,6
strata,3
monuments,3
chief,3
pillars,5
machine,6
channel,8
counsel,2
bath,6
soils,4
arrow,2
pamphlet,2
cost,3
voting,1
copper,5
nazi,2
combinations,7
feeding,2
annum,1
bad,1
beginning,5
reformation,3
critique,2
feast,4
overall,2
arrangement,6
ussr,1
ally,2
excess,4
labors,7
upper,3
cover,10
disadvantage,1
vii,1
quote,2
increases,5
apology,3
praises,2
trust,6
hypothesis,3
mary,1
knight,2
transition,5
behaviour,4
felicity,2
delivery,7
teach,1
in,3
tubes,5
circulation,6
looking,2
ether,4
technologies,2
hatred,1
secretary,4
option,3
twenty,2
yoke,7
proprietors,1
aggression,5
problems,3
fancy,3
ireland,2
problem,3
short,3
kind,1
generosity,2
dreams,6
freedom,2
brothers,5
span,6
inputs,4
challenges,5
iii,1
latitude,4
weights,8
calamities,1
unemployment,1
th,2
general,3
sounds,8
investments,6
tons,3
warning,3
estate,3
coin,1
benefits,3
deficit,4
passengers,1
avarice,2
powder,3
port,5
extract,2
roots,9
writ,1
propositions,5
canterbury,1
father,8
fast,1
censure,2
beings,2
natives,3
shadow,9
exclusive,1
training,2
goths,2
members,5
philosophy,3
prize,3
act,5
blue,7
isaac,1
emotions,1
mechanism,5
prevention,1
following,2
happening,1
century,2
states,8
rites,2
billion,3
rage,5
suit,6
strikes,6
usage,3
greatness,2
engines,4
provinces,2
domain,5
covenant,2
passion,7
undertaking,2
socrates,1
studying,1
experts,1
john,5
dollar,4
win,2
memorial,3
lung,1
amplitude,3
distinction,4
flying,1
measure,9
abilities,2
intestine,1
answers,5
fidelity,2
mexican,1
range,9
temporal,1
site,3
gather,2
eyes,6
advertising,2
hierarchy,2
evening,3
neglect,5
luxury,3
employment,4
luck,3
roof,4
married,1
chicago,2
texts,4
aids,5
praise,2
combustion,3
spoke,2
real,3
classical,1
schemes,5
victim,2
divines,2
kids,5
turning,6
compositions,9
interface,4
branch,6
scots,2
edges,6
triumph,2
federal,2
tender,6
slaves,3
fraud,3
falsehood,2
car,5
greece,2
satire,1
millions,2
self,2
communicating,1
royal,2
concentration,7
product,6
attendance,3
supplies,3
fifteen,1
firm,1
carries,1
stores,4
richmond,1
atmosphere,6
conviction,2
patients,2
french,3
precaution,3
rights,8
cities,3
italian,2
amount,4
appetite,1
watching,1
trustee,2
sacrifice,5
modes,6
junction,5
commands,7
leaders,3
thirty,1
chosen,3
it,1
schedule,2
seal,9
massachusetts,4
monopoly,3
dear,2
famine,2
led,1
differential,3
elderly,1
iron,4
arabs,2
sharp,2
high,7
georgia,3
respondents,2
stake,5
solomon,1
shook,1
valour,1
fact,4
talent,2
staff,6
protocol,3
desire,3
departure,3
treaties,1
marriage,4
shock,10
poet,1
buildings,4
escape,8
possible,2
cells,7
desires,3
apprehension,4
gospel,5
maid,2
lime,6
inability,2
shoulder,5
smith,10
fears,3
provisions,5
tribute,3
garden,3
ties,9
possessions,7
arm,6
conversation,1
guinea,4
repair,3
flesh,3
pursuits,4
plot,4
colonies,6
nucleus,6
code,3
representatives,4
chancel,1
electric,1
remove,1
wall,8
directions,9
implement,1
loans,2
tongues,8
unconscious,1
co,4
canada,1
achievements,1
veil,4
eloquence,1
skill,2
township,1
elder,3
populace,1
attempts,2
equipment,1
communities,6
extra,3
shake,6
regulation,6
speed,5
irrigation,2
night,8
approbation,2
liquid,4
fault,7
drawing,6
immune,1
purposes,3
countrymen,2
stomach,4
comedy,2
flanders,1
expenditures,3
award,3
till,3
rectory,1
moment,6
y,2
engagement,7
cabinet,4
descendants,2
hate,1
supporting,1
clerk,2
occasions,6
summit,3
satan,1
batteries,7
offences,5
exertion,1
madam,2
aging,2
copyright,1
sensibility,3
admiral,2
leagues,3
amounts,4
bench,7
stern,3
lesson,4
markets,5
curriculum,1
favourite,3
instruction,4
re,3
safety,6
harbour,2
june,1
eye,5
season,3
repeal,1
consul,1
red,4
flames,1
limited,1
default,4
ladies,3
full,1
accession,6
tears,5
saxony,1
barons,3
clergy,1
scenes,10
companion,3
surgeon,1
aristotle,1
ferdinand,1
making,3
third,6
thought,4
absorption,6
castle,4
predecessors,2
sinking,3
output,5
confidence,5
colours,10
amsterdam,1
companions,3
count,3
rough,1
medical,1
curse,5
equation,3
mathematics,1
neighbours,2
theme,5
tank,5
cycle,6
cents,2
satisfaction,5
tooth,5
colony,6
marquis,2
edition,4
maximum,3
saviour,2
expose,1
sending,1
activities,6
purity,3
n,5
emergency,3
dining,1
detachment,5
reply,2
being,2
wage,1
realm,3
pull,7
coil,6
athens,3
note,9
rope,2
telephone,2
henry,4
ears,5
approaching,3
carbon,3
business,9
rulers,2
december,1
breach,3
find,2
formulation,3
souls,5
palestine,2
capitalist,2
legislature,1
requirements,3
revolt,1
relative,2
charm,4
supernatural,1
introduction,7
limb,6
vices,2
schools,7
couple,5
paralysis,1
roles,4
rebellion,2
running,5
start,8
descriptions,3
atonement,2
string,10
evils,3
stability,3
poverty,1
wages,2
frontiers,3
limits,6
uses,8
x,3
serving,2
preliminary,2
franklin,3
silver,5
career,2
offense,5
delhi,1
listening,1
warriors,1
gallery,7
latin,3
conflict,7
stresses,5
horrors,3
temporary,1
fishing,2
dc,2
parties,5
rhine,2
militia,2
lungs,1
prosecution,3
meetings,6
negroes,1
lie,3
farms,1
paradise,2
delay,2
lewis,6
challenge,5
grecian,1
diminution,3
solvent,2
savings,4
thumb,3
property,5
device,5
units,6
converse,1
troubles,6
surprise,3
reports,7
inclination,8
strategy,2
philip,1
speech,8
decade,2
candidate,2
managers,2
china,4
pitt,3
burden,4
tax,1
forests,2
colleagues,2
bye,2
be,1
expedition,5
asian,1
clay,5
britain,1
heaven,2
sulphur,1
refuge,4
expectation,4
major,4
air,9
verdict,1
metropolitan,2
damage,5
directors,5
parameter,4
communication,3
possesses,1
less,1
dimensions,4
effort,4
divinity,4
rank,5
instruments,6
suite,4
expiration,3
shell,10
identification,5
solutions,5
attribute,2
races,6
image,9
efforts,4
out,1
sixty,1
defendant,1
bacon,3
reach,4
encounter,4
record,8
monitoring,1
exhibit,2
bibliography,1
investment,6
pole,10
sincerity,4
ceiling,4
policies,3
colour,8
volume,6
well,5
vigilance,2
notion,4
anti,1
impress,1
beds,8
baby,7
classes,8
indiana,2
netherlands,1
department,3
garrison,3
honour,4
sale,5
hanover,2
proceeds,1
violence,3
florida,1
transport,6
specimens,2
woods,9
fun,4
speaking,2
reception,5
eleven,2
privy,2
junior,4
positive,2
public,2
discipline,5
opinions,6
coal,2
fill,2
infections,7
constraints,3
economies,4
touching,2
characters,9
williams,6
front,10
references,10
variety,6
dozen,1
commonwealth,4
better,4
departments,3
seeking,2
judgments,7
ideas,5
native,3
youth,6
breadth,2
journals,5
struggle,3
chart,2
attacks,9
civility,2
liberties,5
carbonate,1
handle,1
contracts,3
exposition,4
dictates,2
suffrage,1
northwest,4
newspapers,4
harbor,2
peasants,3
status,2
prose,2
subjection,2
bristol,1
battery,7
divorce,1
jew,1
consensus,1
vision,5
nurse,2
trend,4
parallel,3
recording,3
interview,2
homage,1
acute,1
version,6
render,1
like,2
mothers,5
handling,3
senses,6
glass,7
specimen,2
sovereign,1
conference,3
traces,6
tobacco,2
restrictions,3
deed,2
allocation,3
anterior,1
calling,1
prosperity,2
scope,4
choice,3
setting,7
believing,1
credit,9
women,4
detection,4
tools,4
sulphate,1
pipe,5
mill,5
epistles,2
tissues,2
cuba,2
importance,2
brethren,6
produce,1
preparations,8
emphasis,4
deaths,8
hampshire,2
appeal,4
thinks,1
glasgow,1
laughter,2
best,3
obedience,3
shells,10
feature,6
equality,2
belt,7
instance,2
walls,8
format,2
defect,4
peripheral,1
conversion,9
monarchy,1
monitor,7
astonishment,1
gothic,3
debtor,1
none,2
prayer,5
months,2
enlightened,1
league,3
belly,5
degrees,7
kitchen,1
unity,3
kings,10
gross,2
settlements,7
trenches,3
fool,3
lower,1
park,6
aside,2
excellence,2
humanity,3
restoration,7
ownership,3
jean,2
aspect,5
aggregate,3
legend,2
moral,1
revolutions,3
knee,3
caution,4
willing,1
husband,1
stories,6
similarity,2
computers,2
inevitable,1
mr,1
mercies,5
indulgence,5
vessel,3
horizon,4
second,10
vengeance,1
bow,9
review,10
ideology,2
fountain,4
knees,3
settlement,7
inventory,5
countries,5
breed,2
lancaster,2
potential,2
zone,4
witnesses,5
diligence,3
populations,5
partnership,3
delicacy,7
opportunity,1
looks,4
institution,5
factions,2
approximation,4
prudence,2
publisher,3
imperial,2
seconds,10
wave,9
burgesses,2
teacher,2
federation,3
session,4
sweden,1
communion,3
sleep,4
savages,2
activation,3
ghost,4
materials,5
truth,5
scottish,1
qualities,5
longitude,1
parliament,2
testing,3
beauties,3
fay,1
memories,5
cargo,1
corporation,2
objectives,2
districts,1
waste,5
sand,3
nephew,1
hesitation,3
pictures,10
nice,1
murray,3
residence,4
lays,2
dividends,3
need,4
reading,8
six,2
fertility,3
standard,6
joints,6
conceptions,4
syria,1
scorn,2
context,2
flow,7
software,1
filter,2
commodity,1
cutting,10
loan,2
glimpse,3
manufacturing,1
negro,1
core,10
risks,4
countryside,1
europeans,1
assumptions,7
areas,6
germany,1
posterity,2
technical,2
state,8
knights,2
doors,5
nations,4
il,1
translation,7
examples,6
belgium,1
tenements,1
butter,2
wedding,3
comes,1
peril,3
appreciation,5
remission,4
forts,2
kingdom,6
creed,2
above,1
writer,2
barrier,3
ordinary,5
hint,5
fourteen,1
secrets,3
subjects,8
researchers,1
pope,2
honor,4
voters,1
degree,7
forbear,1
eager,1
eds,2
meanwhile,1
meaning,2
hypertension,1
programming,2
nature,5
workmen,1
knowing,1
erection,3
assistant,1
mirror,2
prejudices,1
pupil,3
topics,2
jehovah,2
awe,2
design,7
flock,5
orleans,2
resurrection,2
serum,1
bind,1
conqueror,1
thinking,1
scenery,2
literal,1
faults,7
circumference,3
glory,3
mexico,1
generations,7
menu,4
antibodies,1
distance,6
owners,2
convent,2
throne,3
dean,4
serve,1
rich,1
deviation,5
charles,9
conquest,3
bureau,2
propriety,1
coming,4
newcastle,1
distress,4
charter,2
epistle,2
monks,2
priority,2
smile,1
telegraph,1
vegetable,2
paragraph,1
appearances,6
imports,5
glucose,1
get,1
responsibilities,3
magic,2
blow,7
arizona,2
societies,4
faculty,2
purple,2
regions,5
goes,4
watch,6
protein,1
print,7
bride,3
transaction,1
proof,6
severity,4
embrace,3
learning,2
instant,2
boat,2
graces,7
machines,6
algorithm,1
lies,3
dry,1
mouth,8
receiver,6
welcome,2
salt,4
notice,7
growth,7
authority,7
drug,1
proposition,5
fathers,8
rebel,3
hormone,1
neighborhood,4
cambridge,3
overthrow,2
mode,6
mentions,3
classification,4
magazine,6
moments,6
assessment,4
avail,1
capitalism,1
grants,8
philippines,3
smooth,1
settlers,3
douglas,1
infirmities,1
empress,1
features,6
pakistan,1
stairs,2
posture,4
appearance,6
sessions,5
gdp,1
lateral,1
likeness,2
mortality,2
raising,3
hydrogen,1
rent,4
privilege,3
princes,1
era,3
perceptions,5
coat,3
conflicts,7
constantinople,5
players,5
monastery,1
measurements,1
empire,5
government,4
accounts,10
least,1
gentry,1
heirs,2
rooms,5
presbyterian,1
devil,5
displeasure,1
keen,1
article,4
courage,1
answer,5
manhood,3
don,6
dish,6
chain,10
focuses,7
inhabitants,1
discretion,5
water,6
inside,2
limitation,5
cope,2
using,1
causes,5
thirst,2
edge,6
circumstance,4
chest,4
pen,5
perspectives,2
perusal,1
physician,1
go,4
highway,1
minutes,7
rise,10
jail,1
revolutionary,1
oath,3
modesty,2
france,2
judah,2
tests,6
magistrate,1
coefficients,1
superior,6
view,10
naples,1
adjustment,5
turkish,1
people,4
vienna,1
indifference,4
tumor,1
gender,2
term,7
poland,1
sketch,4
situation,5
eating,1
hebrew,2
effects,7
authorities,8
madness,5
tennessee,2
interviews,2
feels,4
outset,1
fiction,2
hundreds,1
great,1
catch,10
letter,5
large,1
funeral,1
proposal,3
behavior,4
ancients,3
gloucester,2
target,5
norfolk,1
revision,3
communist,2
toil,1
singular,1
propaganda,1
onset,2
gate,4
julian,1
sports,7
tents,2
laugh,3
bulletin,1
syndrome,2
linen,3
remedy,2
cook,2
religious,1
fit,4
suspicion,4
flows,7
anatomy,3
baptism,1
financing,1
preacher,1
allegiance,2
indication,5
verb,2
bold,1
police,1
compass,4
true,1
adversaries,1
hair,6
simon,4
cortex,3
russians,2
arrest,2
broad,1
assess,4
adoption,3
have,1
delegation,2
perspective,2
lessons,4
painting,4
creator,2
archives,2
ammunition,3
premises,2
consideration,6
chapter,5
wars,4
vigour,3
louis,1
clause,2
necessities,2
romance,5
homer,5
close,3
diversity,2
oxford,4
anxiety,2
chase,3
momentum,2
employers,1
sons,2
server,4
obstacles,2
cold,3
contest,2
ny,1
k,7
lord,3
peers,2
sacraments,1
heart,10
scotland,1
moses,2
rod,6
outside,2
difficulty,4
taxation,3
yes,1
latest,1
nursing,3
serves,2
double,5
dark,5
synod,1
assembly,6
spirit,8
sentences,3
forest,2
values,7
ingenuity,2
patronage,5
scholars,3
supposition,3
dominion,3
letters,7
chapters,5
van,5
consumers,1
navigation,3
circumstances,6
friend,5
merchandise,1
rebels,3
eighty,1
versailles,2
taxpayer,1
statesmen,1
countess,1
begins,1
selling,1
colors,10
supervision,1
assets,2
bishop,3
aspects,5
kentucky,1
hardships,3
guardian,1
soul,5
territory,3
tea,5
q,1
deck,4
laser,1
specific,2
condition,8
uncertainty,2
interruption,3
mean,1
throat,4
thickness,4
chair,5
inn,1
shop,3
journey,1
acre,3
charity,5
gates,5
rifle,1
compound,3
class,8
silk,2
school,7
meanings,2
consciousness,2
reaching,2
ph,1
cause,5
korean,2
oregon,1
impression,9
price,7
defining,1
ideal,2
disturbance,7
access,6
revival,2
sins,6
philosopher,2
anne,1
sin,6
prejudice,1
publications,4
wealth,4
magnitude,3
judging,1
agenda,2
dependent,1
criteria,2
films,5
october,1
reputation,3
nation,4
rewards,5
worthy,1
protector,1
products,6
minnesota,1
personnel,2
lincoln,3
designs,7
sinners,1
speeches,8
cathedral,2
columns,9
cd,4
spanish,2
mechanisms,5
election,4
intention,3
speculation,4
forum,2
adventures,1
associations,8
perseverance,2
northumberland,1
player,5
brother,5
foe,2
stanford,2
community,6
producers,3
matters,6
flattery,1
outcomes,2
puts,1
poetry,2
adams,7
produces,1
thou,1
christian,1
thus,1
lens,5
teaching,3
indictment,2
decline,4
stimulus,1
wait,2
opponents,2
failure,7
entertainment,1
fury,4
yea,1
quebec,2
slaughter,3
strike,6
spain,1
german,2
purchase,4
layers,5
essence,4
enjoyment,3
convenience,4
yellow,1
g,9
farming,2
bending,3
publication,4
york,1
waves,9
kansas,6
gases,6
ornament,1
does,2
sight,7
d,3
mile,8
minute,6
symptoms,2
fires,9
overview,1
philadelphia,1
indies,2
farmers,3
users,3
utmost,1
australian,2
adds,1
freud,1
kingdoms,6
teaspoon,2
panama,2
due,2
spirits,9
payment,3
lieutenant,4
rice,4
measures,9
sickness,3
views,10
savoy,2
reactions,7
library,5
policy,3
links,10
killing,3
destination,3
bondage,3
claims,6
consumption,4
age,5
presumption,4
believes,2
talents,2
corporations,2
utilization,2
statements,7
commandment,2
bridge,9
renders,1
executors,1
dioxide,1
common,1
regent,2
nothing,1
officers,4
yale,2
statutes,1
tent,2
circular,1
example,6
interference,5
phases,4
heights,5
heating,2
e,5
carry,1
mix,3
grade,9
race,6
keeps,3
insurance,3
respects,8
pace,6
god,4
characteristics,4
amusement,2
do,3
prophets,3
opportunities,1
title,10
genius,5
november,1
adolescents,1
type,6
riding,2
ashes,3
february,1
grace,7
musical,1
economics,1
taste,7
muscles,5
towns,4
rio,1
theater,3
neighbour,2
repeat,1
content,7
forces,10
committee,2
popularity,1
sovereignty,3
filling,6
finish,9
holiness,1
orientation,6
sensitive,1
panel,8
pattern,8
resultant,3
cheeks,4
accordance,2
daughters,1
titles,10
tenants,3
discuss,2
paul,2
three,2
combine,3
social,1
johnson,3
trip,7
sitting,4
length,5
ruin,6
turks,1
lovers,3
expansion,4
leicester,2
afternoon,2
grammar,1
microscope,1
em,2
decades,2
petition,2
expense,3
club,7
exportation,2
half,2
worst,3
caesar,2
blood,5
evidence,3
moderation,4
critics,3
desperate,1
noise,6
ill,1
woodcuts,2
sentence,3
forfeit,3
themes,5
timber,5
sigh,2
manufacturers,2
charms,4
novels,2
housing,3
mass,9
acids,2
eternity,3
are,1
hours,6
russian,2
circuit,7
kg,1
audience,4
lectures,3
reality,4
closing,5
partiality,2
pressing,2
proposals,3
adam,3
oil,4
trifling,1
descent,6
mineral,1
artist,1
shoulders,5
canadian,2
detroit,1
impossible,1
text,4
shape,8
depression,10
total,2
doctor,4
particles,3
venture,3
normandy,1
attention,6
preface,1
minerals,1
screen,9
existence,2
extremity,5
buy,1
semi,3
humility,2
negligence,2
street,5
childhood,2
banking,2
beam,7
fashion,4
stem,6
crying,6
sicily,2
alternatives,1
talking,1
lover,3
dance,4
discourse,3
readiness,4
seat,9
despite,2
parish,2
scene,10
beloved,1
liability,3
forward,2
final,2
bravery,2
combination,7
bed,8
fee,2
edinburgh,1
methods,2
experiment,3
solitude,3
smell,5
particle,3
taxes,3
wise,3
equity,3
threat,4
humour,6
want,4
neutral,1
kill,2
mischief,2
movie,1
burning,6
epoch,3
governors,2
incidents,2
highness,3
ounce,3
burst,4
haven,2
thousand,1
greek,2
handicapped,1
uk,1
grave,3
purchaser,1
singing,2
grid,5
maps,2
substitution,2
gaze,1
survey,3
american,3
scientists,1
contention,3
maintenance,5
middle,4
annals,2
saddle,6
enthusiasm,3
duties,3
items,5
offices,7
counsels,2
de,1
investigations,2
gardens,3
joseph,3
imaginary,1
chairman,1
so,1
soil,4
disappointment,2
friendly,1
reaction,7
acts,6
western,2
element,7
eve,4
attitude,4
list,2
customs,5
pastor,2
substitute,3
vegetables,2
obligations,5
agency,5
sagacity,2
window,8
fable,3
hundred,1
manager,2
employ,1
transmission,5
tuberculosis,1
branches,6
observations,5
virtues,4
minds,7
controversy,1
possess,1
currency,3
ending,5
gentleman,2
dose,4
one,2
seeing,2
furniture,1
biology,3
keep,3
gray,9
saxon,1
contracting,1
saint,3
languages,6
guarantee,3
stick,9
travelling,1
ease,5
diabetes,1
copies,4
illinois,3
cabin,3
justices,4
delight,2
harm,3
might,1
independence,3
stuff,7
insolence,2
imitation,4
viii,1
study,10
copy,4
walter,1
author,2
professions,4
brown,4
european,1
cultures,7
cautious,1
piano,2
laying,1
guests,4
traits,1
frequency,3
patterns,8
friday,1
culture,7
motor,2
profit,2
gospels,6
zeal,3
pro,2
signal,3
central,1
narrative,1
sizes,5
door,5
finding,3
governing,1
plea,3
know,1
poles,10
basin,5
vector,4
compounds,3
authors,2
sanction,4
incumbent,1
dream,6
families,8
roosevelt,3
correction,7
rows,7
acquisition,4
le,1
word,10
moderate,1
photographs,1
species,3
aim,4
egyptians,2
tomb,1
story,6
international,1
writing,5
salary,1
bathroom,2
says,1
playing,3
methodist,1
spring,6
blame,2
immortality,2
hope,6
few,1
risk,4
interaction,2
un,1
child,4
sample,3
costs,4
forgiveness,2
subordinate,2
proprietor,1
jerusalem,1
soda,2
construct,1
ordinance,3
load,9
hypotheses,3
accord,4
commitment,5
enzyme,1
sail,3
magnet,2
accounting,5
paper,7
successor,3
successors,3
fell,3
classroom,1
input,4
table,6
trinity,3
martin,5
amusements,2
understanding,4
activity,6
duchess,1
signification,1
temple,4
morality,2
tragedy,2
good,4
hat,2
u,3
project,2
representative,4
urine,1
faction,2
sorrow,4
messiah,4
probability,2
assurance,4
raw,1
gives,1
stimuli,1
i,3
vapor,2
african,1
winchester,2
present,3
cancer,5
lawrence,7
holding,2
tomorrow,2
austrian,1
suggestions,6
deputies,4
trace,6
mortgage,1
irish,3
hour,4
worker,4
powers,9
fort,2
woman,4
sense,5
slave,3
innocence,3
gay,1
labor,7
marble,3
resort,4
hostility,4
jesuits,1
instances,2
programme,7
businesses,9
drama,4
facts,4
reconstruction,4
edifice,1
bent,4
gifts,3
socialism,2
remedies,2
uterus,1
lack,1
illness,1
privacy,2
sugar,3
nobleman,1
sermons,2
declaration,6
courses,9
malice,2
change,10
cord,4
phase,4
employer,1
commodities,1
ministry,4
inquiries,3
professionals,3
constable,3
willingness,1
rectum,1
question,6
interior,3
bread,2
channels,9
amendment,2
penalties,4
ml,1
brazil,2
readers,8
unfortunate,1
driver,5
diameter,2
instinct,1
lecture,3
depths,6
worse,1
war,4
back,9
lent,1
rejection,4
shows,4
p,2
precision,1
treasury,6
soldier,2
economy,4
invitation,2
coefficient,1
tongue,8
centres,9
decisions,5
records,8
files,4
allies,5
clients,3
modern,2
networks,5
contemporary,1
decency,2
clock,1
museum,1
earl,1
protestant,2
memory,5
debt,3
vi,2
villages,3
locality,1
leaving,1
teeth,6
intensity,4
homes,9
favorite,3
array,4
prince,1
dialogue,4
wants,4
confusion,5
carcinoma,1
boy,4
was,1
paris,4
chloride,2
still,4
cap,9
barbarians,2
exception,3
frigates,2
unknown,3
warwick,1
resignation,3
facilities,5
determination,5
productivity,2
administrators,3
extreme,2
danger,4
height,4
execution,7
separation,9
anthropology,1
fuel,1
resource,3
goodness,2
z,2
napoleon,3
preservation,4
articles,4
improvement,3
spinal,1
majority,3
pomp,2
advantage,3
feminism,2
morning,4
des,3
die,3
getting,1
mines,2
esq,1
demands,5
maxims,2
presentation,7
dawn,3
reducing,2
cup,8
crowd,2
neutrality,3
nobody,1
symbol,2
mine,2
concert,1
technique,2
ages,5
spectators,2
fight,5
plato,1
recommendations,3
dissertation,1
treaty,1
sensitivity,5
bombay,1
lunch,1
little,1
ambassadors,2
behind,1
levels,8
voluntary,2
lodge,6
ninety,1
idle,1
neighbourhood,2
aims,4
cortes,1
picture,10
egypt,2
tube,5
matrix,6
warfare,2
regulations,6
questions,6
patient,2
commissioners,2
likelihood,1
sterling,1
spiritual,1
pick,9
society,4
necessity,2
inclinations,8
vicinity,1
license,4
motion,7
consumer,1
formation,7
assent,1
mobility,1
disorder,3
tyranny,2
insight,4
doctrines,1
firing,4
construction,7
orchestra,2
proletariat,1
stranger,2
daughter,1
taking,1
estimation,4
professional,3
repentance,1
medicine,4
resentment,1
transactions,2
interests,7
benevolence,3
discontent,1
options,3
associate,5
oxidation,1
security,9
opposition,8
prayers,5
brigade,1
testator,1
sect,2
chemistry,3
behalf,2
criticism,3
sub,2
liver,4
pursued,1
tariff,1
bones,4
experiences,3
programs,8
passions,7
citizens,1
unit,6
ancestors,1
acting,1
wit,3
starch,2
types,6
sodium,1
shift,10
divine,2
documents,4
eq,1
springs,6
americans,3
material,5
nights,8
eighteen,1
plastic,2
pages,6
bounty,4
warrant,4
physicians,1
wounded,1
diary,2
plunder,1
summary,1
starting,1
winding,1
travellers,1
platform,5
or,2
amino,1
machinery,2
obligation,5
program,8
servant,2
centuries,2
allowance,6
press,9
detail,5
crimes,2
comparison,3
holland,1
presents,3
samples,3
at,2
heathen,1
injury,5
sisters,4
windows,9
parameters,4
education,6
village,3
exports,1
cornell,2
surrender,4
tenth,2
expression,9
flask,2
planning,3
covers,10
merchants,1
elders,3
bone,3
reward,5
composition,9
diet,4
florence,2
ideals,2
stockholders,1
leave,3
employee,1
advantages,3
tenor,5
creditors,1
devotion,4
formula,7
idleness,3
compensation,3
floor,10
savage,2
stalin,1
altar,2
saying,1
sat,1
mother,5
jesus,1
improvements,3
counter,9
swords,1
genes,1
year,4
dwelling,1
equator,2
there,1
jacob,2
supplying,1
riches,2
dress,3
toronto,1
loves,6
work,7
ton,2
name,6
t,6
revenue,2
gland,1
deals,9
republican,3
separate,2
collect,1
recognition,8
attachment,7
grief,2
children,4
streets,5
generals,3
future,3
discharge,9
manifest,1
gallant,2
temples,4
typhoid,1
luther,1
method,2
boston,1
truths,5
parent,2
augustus,1
tribunal,1
bells,10
pitch,10
testament,4
silence,4
thick,1
closer,2
gold,5
trade,7
pursuance,2
sorts,4
concerns,5
actions,10
law,7
home,9
academic,1
cardinal,4
mistress,3
electors,2
metabolism,2
stress,5
retrieval,3
interpretation,4
miss,3
breakfast,1
particular,3
fatigue,4
bill,10
prentice,1
college,3
procession,3
guide,6
equilibrium,4
entrance,3
april,1
neck,5
experience,3
injustice,2
george,7
small,2
objection,4
opposite,4
contemporaries,2
situations,5
opinion,6
television,3
advance,6
redeemer,2
longer,1
differentiation,3
adventure,1
eagerness,2
tradition,2
persians,2
conduct,2
shed,1
structures,5
document,4
building,4
shining,1
blacks,7
surface,6
petty,1
legs,10
news,5
governor,2
complaint,5
kidney,1
reader,8
terminal,4
comfort,7
pump,3
republics,2
course,9
sympathy,3
laws,8
plants,4
alliance,5
quality,5
provision,4
households,1
sixteen,1
net,6
michael,1
shares,5
minority,3
hospitality,1
favour,5
colonel,1
depth,6
dearest,1
model,9
representation,10
treasure,4
ranks,5
termination,5
sort,4
bid,4
captivity,2
profits,4
mud,2
path,4
subject,8
width,1
complex,4
tenant,3
tool,4
minor,1
components,3
commission,9
pretensions,3
louisiana,1
laboratory,2
vein,5
therapy,1
abdomen,2
exchequer,1
chinese,2
churches,4
penalty,4
idea,5
permanent,1
modification,4
fix,5
mixture,5
tumult,3
rear,5
barren,1
subcommittee,1
management,2
analysis,6
abuse,3
weeks,3
hamilton,6
tear,4
armies,3
disgust,1
primitive,3
universal,4
defeated,1
denial,5
ability,2
defeat,2
heavy,2
defects,4
dust,3
wood,8
director,5
plant,4
grades,9
pan,4
diagnosis,1
supremacy,1
melancholy,3
aircraft,1
fundamental,2
investigation,2
engineers,2
westminster,1
treatise,1
equations,3
compare,1
tales,2
west,8
biography,1
vanity,4
matthew,2
deciding,1
doses,6
intellect,3
shine,1
intimate,1
protest,3
marketing,3
income,1
display,6
memoirs,2
fees,2
orbit,5
last,8
justinian,1
disguise,3
gentlemen,2
flux,8
accomplishment,2
writings,6
voyage,2
look,4
manner,3
sage,3
slight,1
address,8
girl,5
administration,6
faithful,2
indignation,1
routine,3
science,2
standards,6
limbs,6
membership,2
intelligence,5
midnight,1
rolling,3
benefit,3
friends,5
compliment,1
fair,4
joint,6
towers,3
facing,4
monsieur,1
command,7
orange,5
preference,4
conquerors,1
songs,6
cooperation,2
anchor,3
intrigues,2
valve,5
farm,1
attitudes,4
honours,5
university,3
axis,6
quick,1
eggs,4
bottle,3
mao,2
rico,1
dakota,3
preaching,2
daily,1
athenians,1
elections,4
treat,2
north,7
memoir,2
roman,3
landscape,4
leadership,4
commons,5
observer,2
pretext,2
skills,2
diffusion,4
offensive,1
atom,2
dialog,3
analogy,3
favor,5
drinking,2
measuring,1
leader,2
absurdity,2
language,6
striking,2
reliability,1
estimate,5
comment,3
barriers,3
census,1
decree,1
assemblies,6
passage,10
burn,5
america,2
proportional,1
collapse,4
libraries,5
statistics,2
revenues,2
frederick,1
sacrament,1
efficacy,1
forehead,2
dignity,3
empty,1
ship,1
private,1
firms,1
moisture,1
fifth,4
majesty,1
utility,6
misery,2
indians,3
mystery,2
showing,2
worth,3
losses,9
councils,3
versions,6
statement,7
profession,4
clean,1
assumption,7
patriotism,1
brave,2
deduction,6
tells,1
brow,3
abdominal,1
notions,4
bourbon,4
takes,2
solving,1
structure,5
peak,7
flag,7
mechanics,4
kindness,3
spread,10
skull,1
dare,1
matter,6
ruling,1
prior,1
enquiry,3
negotiation,2
saw,3
fortitude,1
health,2
mining,2
commerce,3
intellectual,1
bottom,7
artery,2
heir,2
aversion,2
advisory,1
approach,9
waters,8
guidance,3
atoms,2
illustration,4
strength,9
patent,2
reflection,8
receptor,2
asset,1
swift,4
hunt,8
cars,5
folly,4
monarchs,2
democracy,3
gilt,1
council,3
contents,8
area,6
arguments,7
sociology,1
personal,1
committees,2
prison,2
click,4
open,4
intervention,5
adults,2
sent,1
vice,2
bengal,1
pain,5
hay,1
route,2
party,5
nay,1
revenge,1
commandments,2
counties,2
reproach,2
natural,3
friendship,1
revelation,4
punishments,1
baron,3
distinctions,4
causing,1
immigration,2
wine,2
applications,7
hotel,1
agreement,6
process,6
daring,2
integral,1
virgin,3
diocese,1
proclamation,2
tall,1
envy,2
miseries,2
tale,2
experiments,3
internet,1
birth,5
clergyman,1
rome,2
institutions,5
awareness,2
ridicule,2
mind,7
misfortunes,2
gun,7
hints,5
labours,4
excitement,4
regiment,1
nobility,3
weapon,2
mercy,5
gods,4
essay,2
hereafter,2
coffee,4
certainty,2
migration,4
principle,6
series,7
membrane,2
reich,3
jealousy,2
helping,1
scarcity,1
supply,3
appearing,1
reserves,8
apostle,3
disclosure,1
wives,1
box,10
aristocracy,2
min,3
miracle,2
combat,2
steel,3
stature,2
solid,3
remote,1
an,1
professor,1
invasion,3
virgil,1
funds,4
terror,4
emperors,4
room,4
cross,6
cromwell,1
followers,3
clothes,1
iv,2
bitter,3
immigrants,1
mg,2
subsection,1
excellency,2
christianity,2
labour,4
posterior,2
yield,4
request,2
conformity,5
certificate,2
agriculture,4
compassion,2
assertion,2
camp,8
achievement,1
recovery,3
okay,1
clear,2
fibres,4
ounces,3
noon,1
fifty,2
temperature,2
shortage,2
operative,2
feelings,7
northern,1
accidental,1
arteries,2
brick,2
hurry,3
heavens,3
sink,4
governments,4
disadvantages,1
madison,2
admiration,3
enough,1
report,7
abandon,2
theory,3
discovery,4
myth,1
cottage,1
extracts,2
bowl,9
withdrawal,9
external,1
comments,3
sunday,2
wishes,4
sexuality,1
church,4
bus,4
enlargement,4
discourses,3
patron,3
offering,4
habitation,3
lifetime,1
seasons,3
plans,3
ct,2
loop,10
juice,4
think,1
sheriff,1
factor,7
lawyer,1
team,2
shakespeare,1
oaths,3
spine,5
wire,4
refuse,1
geography,1
immortal,2
research,2
recall,5
f,4
incomes,1
liberty,5
candour,2
subsistence,3
integrity,2
test,6
radio,3
active,3
veins,5
autonomy,2
factors,7
sword,1
multitude,3
pleas,3
single,2
permit,3
communism,2
names,7
plantations,3
personality,2
zero,4
pledge,4
shirt,1
drove,3
rising,2
move,5
editions,4
notable,1
finger,3
radius,5
manufacturer,2
austin,1
o,3
admission,4
colorado,3
history,5
neurons,1
centre,9
nowhere,1
import,5
doubts,2
esteem,3
jones,6
artists,1
compliance,3
abbey,3
two,2
cream,3
eminence,2
week,3
reporting,1
trial,6
expectations,4
promise,2
harper,1
congregation,3
permission,2
phone,3
effectiveness,2
poor,1
lawyers,1
requirement,3
sufferings,4
boats,2
fleet,4
pleasure,5
walk,7
islam,2
happiness,2
elevated,1
lesion,2
travels,3
destruction,3
let,2
techniques,2
standpoint,1
tis,3
appeals,4
sake,3
grey,7
july,1
holds,9
engineer,2
obscurity,3
page,6
directory,2
details,6
ready,1
member,5
strategies,2
accidents,2
virginia,3
ma,4
confederate,3
accommodation,6
prime,4
saving,3
refusal,2
railroads,2
nineteen,1
lad,2
beat,10
frank,2
tone,10
contributions,5
us,4
excuse,3
commander,4
hearers,1
liberation,3
manufactures,2
mills,6
steady,1
reagan,1
outline,3
deep,3
conclusion,9
boundaries,3
flight,9
ed,1
music,5
incident,2
orator,1
see,1
role,4
michigan,3
capacity,9
inconvenience,3
confession,5
slavery,3
decision,5
absurd,1
county,2
punishment,1
put,1
tide,3
par,2
participation,2
bedroom,1
continuance,3
nutrition,3
earnings,2
liberal,2
over,1
elect,1
professors,1
virtue,4
speaker,3
embassy,2
time,10
increase,5
romans,4
victims,2
organizations,7
shame,3
arrows,2
organ,6
ithaca,2
fingers,3
characteristic,4
statute,1
plan,3
shillings,6
scripture,2
wonder,3
domestic,1
outbreak,1
resources,3
la,3
notes,9
francs,1
dispute,2
justification,3
inch,2
sister,4
finance,3
attorney,1
tin,4
mayor,1
fate,3
trouble,6
military,1
oh,1
exploration,3
departed,1
conspiracy,3
objections,4
million,2
shade,8
wrong,2
expenses,3
justice,4
president,6
feel,4
stable,1
inferior,2
arrival,3
host,10
intent,2
prospects,5
settings,7
affect,1
lamp,2
offspring,3
companies,9
hanging,3
poets,1
maturity,3
cousin,1
dealing,2
sums,6
grand,2
pardon,3
columbus,4
recommendation,3
communists,2
merchant,1
borough,2
protection,7
battles,3
rs,4
presidency,2
intermediate,1
dead,2
danes,1
zinc,1
warren,5
deficiency,2
bladder,2
ventricle,2
lease,3
inflation,4
joy,2
talk,5
messenger,1
v,4
cries,5
portraits,2
elector,2
tendency,4
sooner,1
dying,1
expert,1
apparatus,2
database,1
motions,7
colored,1
crystal,6
me,1
anger,3
lament,3
nuclei,6
cannon,6
expressions,9
dates,8
faith,4
engine,4
size,5
ore,2
impatience,3
contraction,4
identity,4
regression,4
samuel,1
worship,2
wish,4
nose,8
twelve,1
reforms,3
plasma,3
passages,10
pox,2
merits,2
responsibility,3
visits,5
tract,4
deliverance,1
ring,9
procedures,4
australia,2
appointment,6
wild,2
emotion,1
pretend,1
functioning,1
treachery,2
boiling,2
acceptance,7
receptors,2
christ,2
synthesis,3
minister,4
prey,2
considerations,6
say,1
much,1
money,3
mood,3
constantine,2
leg,9
isolation,5
conservative,2
its,1
complexity,1
level,8
muscle,5
suspension,7
confederation,3
thread,4
felt,1
knife,3
governed,1
murder,1
statesman,1
catholic,1
affections,1
cicero,2
endeavours,2
demand,5
upright,2
senator,1
infancy,2
particulars,3
usa,2
votes,5
israel,2
cm,2
tribe,4
terms,9
comparative,1
arrangements,6
reject,1
growing,2
mortification,4
poison,2
concurrence,4
cash,3
canon,6
borders,5
bosom,6
spouse,1
handbook,1
vessels,3
squadron,3
son,2
left,5
condenser,4
ultimate,1
insurrection,1
estates,3
treasurer,1
yearly,1
developing,1
pleasures,5
divers,3
ice,8
hastings,3
seats,10
portugal,1
right,8
regret,1
availability,1
crew,4
infants,1
brain,5
performance,5
tower,3
discrimination,2
adult,2
concentrations,7
monthly,1
cool,2
thousands,1
payable,1
habit,6
syllable,1
death,8
entry,6
here,2
expenditure,3
theories,3
robert,1
familiar,3
executive,3
regards,7
dexterity,1
disorders,3
alarm,4
ruler,2
choices,3
righteousness,1
summer,2
princeton,2
affairs,5
local,2
mm,1
wheels,7
proceeding,1
jersey,5
objective,2
berlin,3
impressions,9
variance,7
vote,5
seven,2
rents,4
reign,3
exertions,1
color,8
fortnight,1
sacrifices,5
partner,3
fluid,2
slain,1
inertia,2
absolute,1
approaches,9
collective,1
elizabeth,2
retreat,7
lot,7
distribution,4
smiling,1
definition,2
despair,2
green,8
british,1
partial,2
bounds,5
sole,4
scheme,5
h,5
store,4
stay,5
solemnity,2
sinner,1
david,3
four,2
concrete,1
quarterly,1
chambers,6
footing,3
environment,2
concept,1
discussion,2
austria,1
monday,1
reverence,3
heresy,2
town,4
examination,5
affair,3
psychology,1
going,3
pursuit,4
traveller,1
baggage,3
treatment,4
seamen,2
asking,1
armature,1
providence,4
taiwan,2
gratitude,1
attempt,2
interval,4
poem,1
offer,3
siege,1
admiralty,2
art,4
hopkins,5
user,3
antigen,1
manners,4
horror,3
russia,4
sir,2
criterion,2
tranquillity,3
precedent,4
railways,2
wales,3
constitutional,1
comprehensive,1
meantime,1
vacuum,4
success,4
regularity,2
soldiers,2
continuity,3
writers,2
graduate,2
manuscript,2
january,1
headquarters,3
help,4
nitrogen,1
market,5
far,1
contribution,5
landlord,1
fracture,3
prelates,1
lordship,2
autumn,1
perfection,3
yard,9
alterations,3
participants,2
assault,4
tip,5
doctrine,1
somewhere,1
hearing,6
lee,8
vehicle,4
cent,2
varieties,6
habits,6
custom,4
city,3
survival,3
loyalty,3
flour,1
maine,1
washington,5
doubt,2
ceremonies,3
resolve,2
categories,2
exile,3
al,2
calamity,1
repose,3
pair,4
gradual,1
scott,5
inspiration,6
restaurant,1
rate,4
begin,1
sex,4
fore,1
customers,1
convert,1
use,7
enterprises,3
pause,2
presence,6
free,1
absence,4
hang,3
judge,2
conjecture,3
km,1
constitution,5
essays,2
treasures,4
victory,1
mysteries,2
irregular,2
weakness,5
advice,1
wilderness,4
advancement,3
tidings,1
sources,9
hospital,2
verse,3
nerves,5
duration,3
proteins,1
appellation,1
dispensation,3
fig,4
remark,2
ambition,2
uniformity,2
hit,7
automobile,1
kent,2
apartment,1
relatives,2
restraint,6
evaluation,2
inches,2
monument,3
berkeley,2
lengths,5
expresses,3
rubber,5
hospitals,2
implementation,2
farmer,3
abraham,1
pretence,5
gas,6
cruelty,3
cure,1
focus,7
occurrence,2
persia,2
officials,2
spaniards,1
infant,1
wrath,2
chemical,1
steam,1
deal,9
arbitration,2
workers,4
argument,7
inspection,1
progress,3
bills,10
academy,4
normal,1
complaints,5
bowels,2
years,7
molecule,2
allusion,1
company,9
avenue,2
spectacle,3
exercise,5
rival,1
bible,2
straight,3
manor,2
prussia,1
behaviors,4
paint,3
transformation,5
texas,1
gathering,4
reform,3
jury,2
angel,4
comparing,1
come,1
jaw,3
pollution,3
affliction,3
show,4
vietnam,2
observation,5
doctors,4
provincial,2
protestants,2
surfaces,6
assistance,2
cast,9
associates,5
judgment,7
beard,5
additions,6
devices,6
spending,2
industry,3
hydroxide,2
passing,7
confirmation,5
character,9
exposure,10
decay,5
philosophers,2
corps,3
w,4
japanese,2
gets,1
lay,2
logic,5
valuable,1
duke,2
ambassador,2
leading,2
abolition,1
completion,2
railway,2
lapse,3
supper,2
approval,4
retirement,3
suspect,2
pleasing,1
senate,2
captive,3
realization,6
acid,2
swelling,3
portrait,2
practice,5
negative,2
nobles,1
shipping,2
mission,5
region,5
gaul,3
thomas,5
buying,1
signals,3
guards,10
bulk,3
portuguese,2
zealand,1
ear,5
recent,1
invention,3
persuasion,2
drink,5
potassium,1
enemies,4
battle,3
breathing,1
prerogative,1
dominant,2
working,1
hemisphere,3
chamber,5
hostile,1
lost,1
warmth,5
give,1
magistrates,1
superintendent,2
harvard,2
jurisdiction,2
stimulation,4
purpose,3
residue,2
finds,2
annuity,1
tribune,2
token,4
bore,4
tenderness,5
communications,4
message,2
liquor,3
constant,2
tv,2
studies,10
pulpit,1
projects,2
resident,2
misfortune,2
amendments,2
engravings,3
stir,3
saxons,1
collection,4
sleeping,3
meet,1
physiology,2
debts,3
friction,3
errors,7
italy,1
take,2
heroes,7
will,3
drew,1
manual,2
korea,1
ignorance,1
beauty,3
india,1
hurt,5
students,2
hero,7
disease,1
liberality,2
abstract,2
registration,5
psychiatry,1
tell,1
blind,4
whig,3
wonders,3
production,8
trials,6
estimates,5
lesions,2
sees,1
labourers,1
chances,5
inference,1
origin,6
walks,7
cares,6
physics,3
prestige,1
network,5
renaissance,2
redress,2
liabilities,4
babylon,1
facility,5
yards,9
historians,1
seller,1
surgery,4
landing,4
trades,7
date,8
attributes,2
reduction,3
favours,5
ii,1
offers,3
convention,5
kinds,1
contemplation,2
more,1
attending,2
dimension,4
remarks,2
ones,2
wool,3
compact,3
formal,2
cell,7
intercourse,2
even,1
superstition,1
addresses,8
uneasiness,5
fortress,1
confinement,4
piety,1
bomb,3
multiple,1
exclusion,4
kiss,4
eldest,1
negotiations,2
pleases,3
english,4
traditions,2
weapons,2
apprehensions,4
reaches,4
remembrance,2
connective,2
establishment,7
hopes,6
system,9
advocate,2
j,2
tyrant,3
horace,1
found,1
symbols,2
organization,7
engineering,3
smoking,2
gain,4
plenty,2
congress,4
insured,1
partners,3
equivalent,2
exercises,5
drugs,1
civilization,4
source,9
paragraphs,1
secret,3
petroleum,1
defiance,3
cry,5
mail,5
relish,3
wellington,3
beliefs,2
mercury,4
midst,1
milk,4
tape,5
innocent,1
eight,3
signified,1
extent,2
giving,3
socialist,1
bishops,3
principles,6
attendants,3
fraction,3
trends,4
mcgraw,1
freight,3
rational,1
plague,5
love,6
fire,9
pride,5
sound,8
anniversary,1
essex,1
seek,1
allen,3
stages,8
coronary,1
injection,3
budget,2
publishing,1
systems,9
worry,2
teaches,1
transfer,6
independent,2
apostles,3
shareholders,1
carolina,1
james,10
welfare,3
account,10
border,5
cathode,2
patience,2
ride,2
preparation,8
sciences,2
visiting,1
kid,5
wickedness,5
boast,1
spite,2
claim,6
population,5
sequence,5
gains,4
marx,5
pains,6
seventeen,1
dependence,2
persecution,1
commissioner,2
architecture,4
sec,3
cultivation,5
storage,6
layer,5
r,4
depreciation,3
origins,6
ornaments,1
wash,8
wheel,7
delegates,1
explanation,3
walking,1
hazard,3
calculations,3
recollection,3
shoes,5
revolution,3
victories,1
solitary,2
accusation,2
ports,5
proofs,6
discoveries,4
direction,9
ancient,2
reproduction,5
boundary,3
hell,6
arab,2
pulse,4
firmness,4
living,4
august,1
corruption,6
dispositions,4
hold,9
disabilities,1
parents,2
theology,3
abuses,3
pregnancy,1
conductor,4
models,9
religion,2
metropolis,2
pact,1
abundance,3
bargaining,1
hebrews,4
findings,4
payments,3
sermon,2
catholics,1
chancellor,3
compromise,2
calculation,3
velocity,1
plane,5
proves,1
driving,2
singapore,3
sabbath,1
holder,3
minimum,2
printing,4
salaries,1
board,9
curiosity,2
therapist,1
owner,2
archbishop,1
truce,1
deeds,3
condemnation,5
contempt,4
splendour,2
significance,3
shepherd,2
widow,1
phrase,4
master,10
framework,3
symposium,1
symphony,2
meeting,6
bell,10
while,1
fellows,7
manufacture,2
alternative,1
disability,1
share,5
elevation,8
statues,1
neighbors,2
genus,2
file,4
diseases,1
hungary,1
pity,3
fame,2
tones,10
disgrace,1
temper,4
temptation,3
rush,7
rates,5
developments,9
sweet,5
uncle,2
national,1
sell,1
emperor,4
style,9
statue,1
column,9
nave,1
principal,6
papers,8
hunger,2
tension,6
cotton,4
novelty,4
can,6
make,2
reigns,3
spare,3
prophet,2
soviet,1
resemblance,1
forty,1
won,2
inheritance,4
ardour,3
arms,8
moves,5
constituents,5
citizen,1
army,3
travel,3
gazette,1
conception,4
intensive,1
dangers,4
removal,2
corpus,3
calm,2
melting,1
chiefs,3
duty,3
desk,1
grandeur,2
pairs,4
morrow,1
quarrel,2
disputes,2
build,2
privileges,3
primary,4
simplicity,5
deputy,4
adherents,1
country,5
actors,2
isabella,1
ships,1
sphere,7
johns,6
lords,3
injuries,5
analyses,6
customer,1
glance,1
confederacy,4
hostilities,5
aged,1
fever,2
oppression,3
precipitate,1
wife,1
peru,1
earnest,1
offence,5
girls,5
guns,7
feminist,1
precepts,2
possibilities,4
generation,7
impact,4
palace,4
tables,6
reference,10
colleges,3
filing,4
practices,5
export,1
power,9
coverage,3
thirds,6
iowa,3
suffering,4
disposal,4
winter,1
importation,2
christmas,2
dictionary,1
dollars,4
marine,2
special,3
care,6
blessing,5
respect,7
prices,7
sales,6
testimony,3
limit,6
frontier,3
kennedy,2
prospect,5
evolution,2
connecticut,3
glands,1
applause,1
radical,6
secondary,2
metals,2
vitamin,1
leisure,2
integration,3
nine,3
diagram,1
lips,5
temperatures,2
industries,3
saints,3
salts,4
dynamics,2
who,1
factories,1
teachers,2
september,1
fat,3
productions,8
priests,2
oral,1
capital,8
founder,3
correspondence,5
magnificence,2
frequencies,3
abode,2
enterprise,3
maker,3
pale,1
fed,2
grandfather,1
tho,1
clothing,1
haste,3
influences,5
aid,4
grasp,4
indian,3
song,6
reasoning,1
mention,3
regular,4
goods,4
cheek,4
arthur,2
tumors,1
apartments,1
meal,3
infection,7
polish,4
missouri,4
collar,9
thunder,3
institute,1
ohio,2
nerve,3
messages,2
missionaries,2
legislation,2
milan,1
guard,10
ministers,4
ethnic,1
cement,5
same,2
regiments,1
conjunction,6
dinner,2
breaking,1
dominions,3
thanks,2
demonstration,5
prophecy,2
madame,1
moscow,1
climate,2
telling,3
changes,10
holy,1
saturday,1
month,2
capture,5
englishman,1
interstate,1
secretion,2
entering,2
wandering,1
receipt,2
crisis,2
england,1
organic,1
territories,3
action,10
burgundy,3
historian,1
sexes,4
bringing,1
decease,1
insult,2
images,9
needs,4
senior,2
probable,1
keeping,3
paths,4
born,1
throw,5
no,2
intervals,4
button,7
editor,2
germans,2
standing,3
violation,5
wont,1
mistake,3
almighty,1
reliance,2
gentiles,4
peace,5
basic,2
nationalism,4
commercial,1
factory,1
search,5
dryden,1
debate,2
les,1
princess,1
involvement,5
putting,1
sick,1
victoria,7
carriage,5
discussions,2
redemption,3
troops,5
keeper,2
novel,2
interactions,2
guess,2
average,3
family,8
classified,1
wet,1
flame,1
then,1
jews,1
advances,6
repetition,3
romantic,2
inflammation,4
organs,7
difficulties,4
quiet,4
measurement,1
cafe,1
household,1
suggestion,6
density,2
reflections,8
rigour,3
japan,4
piston,2
acres,4
goal,4
campaign,4
segment,2
conservation,3
observance,4
buyer,1
settle,1
alexandria,2
prisoners,1
alteration,3
faculties,2
persian,2
south,5
initiative,2
hitler,1
gift,3
guilt,2
exploitation,2
m,6
meets,1
reconciliation,2
occupation,5
fine,1
rotation,4
grievances,3
affection,1
belief,2
angels,4
now,1
thesis,2
match,9
meridian,3
gene,1
crime,2
l,4
reserve,7
cavalry,2
ego,3
tom,3
nitrate,1
consolation,2
selection,5
lustre,3
disciples,1
accumulation,4
tribes,4
elegance,2
contract,3
employments,4
graph,1
implications,5
thoughts,4
perception,5
official,2
district,1
thirteen,1
venice,1
spectator,2
muslim,1
instructions,5
intentions,3
hiv,2
solution,5
may,2
validity,3
plus,2
fibers,5
london,2
minorities,3
sites,3
register,7
blessings,5
edward,10
volumes,6
accused,1
push,5
extremities,5
christians,1
read,1
candle,2
safe,3
ca,2
courtesy,3
decrease,4
interest,7
guy,3
promises,2
enemy,4
wearing,2
background,8
sensations,5
planes,5
captain,7
santa,1
abortion,2
rendering,7
mouths,8
pension,1
gratification,2
map,2
oven,1
madrid,1
ad,1
commencement,3
nj,1
consent,1
rises,10
prisoner,1
description,3
servants,2
pennsylvania,3
march,7
newspaper,4
gap,6
colonial,1
leaning,4
chancery,2
emergence,4
data,2
preserve,3
denmark,1
error,7
sensation,5
infantry,1
obstinacy,2
concepts,1
heritage,4
promotion,4
illustrations,4
helps,4
wilt,2
king,10
countenance,3
attack,9
fitting,4
aunt,1
waiting,1
employees,1
lady,3
obstacle,2
association,8
submission,7
destiny,3
milton,1
baltimore,1
guidelines,3
addition,6
wisdom,5
dublin,1
peter,2
brass,7
deceased,1
furnace,1
residents,2
noble,1
altogether,1
peasant,3
province,2
topic,2
sum,6
equal,1
rapidity,1
universities,3
traffic,4
void,2
boys,4
judges,3
category,2
baptist,1
uniform,1
hunting,3
plaintiff,1
save,1
whigs,3
raises,4
hide,2
bag,9
dissolution,5
iniquity,3
accident,2
lying,1
breast,4
painter,4
inquiry,3
securities,9
irritation,7
en,1
seventy,1
differences,5
ordinances,3
verses,3
iran,1
greeks,2
guest,4
navy,3
inscription,3
tasks,2
old,1
concentrate,3
succession,5
station,5
disposition,4
california,1
tour,3
dread,1
low,4
custody,3
poems,1
scholar,3
territorial,2
pay,1
raise,4
decrees,1
evil,3
railroad,2
foreigners,2
pipes,5
camera,2
wits,4
surplus,1
republic,2
fund,3
mansion,2
wounds,4
encouragement,3
periods,7
segments,2
a,7
ammonia,2
chapel,2
difference,5
publishers,3
affects,1
peoples,5
value,6
shadows,9
profile,5
appendix,2
transportation,6
cease,1
candidates,2
boiler,2
concern,5
proceedings,3
limitations,5
artillery,3
speculations,4
maryland,2
belonging,1
monarch,2
veneration,2
accuracy,2
assist,2
recourse,2
agencies,5
occasion,5
grant,8
trading,1
merit,2
train,6
express,3
metal,2
brief,2
knows,1
computer,2
development,9
deity,1
witness,5
calcium,1
crossing,7
acquiring,1
suicide,2
flank,4
five,3
outcome,2
tries,1
ten,2
lane,2
meat,3
wear,3
day,10
enzymes,1
given,1
initial,1
journal,5
engagements,7
opera,3
task,2
purchasing,1
conquests,3
damages,6
am,3
possibility,4
defendants,1
stage,8
loss,8
endeavour,2
processing,1
desert,1
black,7
expedient,1
divide,2
sentiment,2
emancipation,1
tissue,2
original,2
ex,3
martial,1
vis,2
client,3
lovely,1
pupils,3
breath,5
processes,6
missionary,2
trustees,2
scruple,3
chance,5
scriptures,2
goals,4
oxygen,1
student,2
agitation,5
ruins,6
faint,1
fulfilment,2
inquisition,2
representations,10
coach,5
performing,1
enforcement,1
blows,7
roads,3
literature,4
feed,1
tokyo,1
jefferson,1
miles,8
criminal,1
sovereigns,1
molecules,2
fighting,1
generality,2
road,2
palm,4
force,10
subscription,4
application,7
yesterday,2
darkness,6
maxim,2
technology,2
cloth,1
distances,6
information,5
period,7
as,9
makes,2
acquaintance,3
pocket,9
pool,9
creation,6
strangers,2
decreases,4
agreements,6
miracles,2
summons,3
row,7
skin,6
try,1
pence,2
wound,4
theatre,3
officer,4
